{"Mythological Pirate [Lv. 1850]":{"CurrentIndex":11,"MinLevel":1874,"MaxLevel":1899,"Quest":{"QuestName":"DeepForestIsland","QuestData":2,"QuestNameMenu":"Mythological Pirate","Pos":{"Y":332.3781433105469,"X":-13232.08203125,"Z":-7627.4912109375}},"Enemies":{"Name":"Mythological Pirate [Lv. 1850]","Pos":{"Y":522.013671875,"X":-13560.654296875,"Z":-6733.9111328125}}},"Candy Pirate [Lv. 2400]":{"CurrentIndex":30,"MinLevel":2424,"MaxLevel":2449,"Quest":{"QuestName":"CandyQuest1","QuestData":1,"QuestNameMenu":"Candy Pirate","Pos":{"Y":14.107247352600098,"X":-1147.4034423828126,"Z":-14446.015625}},"Enemies":{"Name":"Candy Pirate [Lv. 2400]","Pos":{"Y":25.136198043823243,"X":-1317.515380859375,"Z":-14557.1533203125}}},"Posessed Mummy [Lv. 2050]":{"CurrentIndex":17,"MinLevel":2074,"MaxLevel":2099,"Quest":{"QuestName":"HauntedQuest2","QuestData":2,"QuestNameMenu":"Posessed Mummy","Pos":{"Y":172.1048126220703,"X":-9513.689453125,"Z":6078.30810546875}},"Enemies":{"Name":"Posessed Mummy [Lv. 2050]","Pos":{"Y":66.38807678222656,"X":-9555.1025390625,"Z":6371.47021484375}}},"Baking Staff [Lv. 2250]":{"CurrentIndex":24,"MinLevel":2274,"MaxLevel":2299,"Quest":{"QuestName":"CakeQuest2","QuestData":1,"QuestNameMenu":"Baking Staff","Pos":{"Y":37.833160400390628,"X":-1928.6739501953126,"Z":-12842.3935546875}},"Enemies":{"Name":"Baking Staff [Lv. 2250]","Pos":{"Y":186.93727111816407,"X":-1848.2674560546876,"Z":-13007.0478515625}}},"Forest Pirate [Lv. 1825]":{"CurrentIndex":10,"MinLevel":1849,"MaxLevel":1874,"Quest":{"QuestName":"DeepForestIsland","QuestData":1,"QuestNameMenu":"Forest Pirate","Pos":{"Y":332.3781433105469,"X":-13232.08203125,"Z":-7627.4912109375}},"Enemies":{"Name":"Forest Pirate [Lv. 1825]","Pos":{"Y":417.00958251953127,"X":-13438.9267578125,"Z":-7767.28466796875}}},"Peanut President [Lv. 2100]":{"CurrentIndex":19,"MinLevel":2124,"MaxLevel":2149,"Quest":{"QuestName":"NutsIslandQuest","QuestData":2,"QuestNameMenu":"Peanut President","Pos":{"Y":38.103981018066409,"X":-2103.034423828125,"Z":-10192.580078125}},"Enemies":{"Name":"Peanut President [Lv. 2100]","Pos":{"Y":122.47185516357422,"X":-2149.849365234375,"Z":-10359.0498046875}}},"Cocoa Warrior [Lv. 2300]":{"CurrentIndex":26,"MinLevel":2324,"MaxLevel":2349,"Quest":{"QuestName":"ChocQuest1","QuestData":1,"QuestNameMenu":"Cocoa Warrior","Pos":{"Y":24.760034561157228,"X":232.75099182128907,"Z":-12198.2216796875}},"Enemies":{"Name":"Cocoa Warrior [Lv. 2300]","Pos":{"Y":73.5171127319336,"X":85.33313751220703,"Z":-12317.169921875}}},"Candy Rebel [Lv. 2375]":{"CurrentIndex":29,"MinLevel":2399,"MaxLevel":2424,"Quest":{"QuestName":"ChocQuest2","QuestData":2,"QuestNameMenu":"Candy Rebel","Pos":{"Y":24.819623947143556,"X":152.71707153320313,"Z":-12774.052734375}},"Enemies":{"Name":"Candy Rebel [Lv. 2375]","Pos":{"Y":109.24739837646485,"X":420.3561096191406,"Z":-12989.76171875}}},"Ice Cream Chef [Lv. 2125]":{"CurrentIndex":20,"MinLevel":2149,"MaxLevel":2174,"Quest":{"QuestName":"IceCreamIslandQuest","QuestData":1,"QuestNameMenu":"Ice Cream Chef","Pos":{"Y":65.8453369140625,"X":-823.1951293945313,"Z":-10963.5830078125}},"Enemies":{"Name":"Ice Cream Chef [Lv. 2125]","Pos":{"Y":205.85397338867188,"X":-846.1669311523438,"Z":-11006.513671875}}},"Sweet Thief [Lv. 2350]":{"CurrentIndex":28,"MinLevel":2374,"MaxLevel":2399,"Quest":{"QuestName":"ChocQuest2","QuestData":1,"QuestNameMenu":"Sweet Thief","Pos":{"Y":24.819625854492189,"X":149.86026000976563,"Z":-12775.3720703125}},"Enemies":{"Name":"Sweet Thief [Lv. 2350]","Pos":{"Y":105.17113494873047,"X":-114.19597625732422,"Z":-12673.9541015625}}},"Female Islander [Lv. 1625]":{"CurrentIndex":4,"MinLevel":1649,"MaxLevel":1674,"Quest":{"QuestName":"AmazonQuest2","QuestData":1,"QuestNameMenu":"Female Islander","Pos":{"Y":601.6036376953125,"X":5445.99755859375,"Z":750.6111450195313}},"Enemies":{"Name":"Female Islander [Lv. 1625]","Pos":{"Y":793.07666015625,"X":4660.029296875,"Z":771.1507568359375}}},"Chocolate Bar Battler [Lv. 2325]":{"CurrentIndex":27,"MinLevel":2349,"MaxLevel":2374,"Quest":{"QuestName":"ChocQuest1","QuestData":2,"QuestNameMenu":"Chocolate Bar Battler","Pos":{"Y":24.760034561157228,"X":232.75099182128907,"Z":-12198.2216796875}},"Enemies":{"Name":"Chocolate Bar Battler [Lv. 2325]","Pos":{"Y":141.80760192871095,"X":722.2747802734375,"Z":-12716.5302734375}}},"Living Zombie [Lv. 2000]":{"CurrentIndex":15,"MinLevel":2024,"MaxLevel":2049,"Quest":{"QuestName":"HauntedQuest1","QuestData":2,"QuestNameMenu":"Living Zombie","Pos":{"Y":142.10484313964845,"X":-9481.9775390625,"Z":5566.03662109375}},"Enemies":{"Name":"Living Zombie [Lv. 2000]","Pos":{"Y":237.8349609375,"X":-10081.0849609375,"Z":5913.9287109375}}},"Fishman Raider [Lv. 1775]":{"CurrentIndex":8,"MinLevel":1799,"MaxLevel":1824,"Quest":{"QuestName":"DeepForestIsland3","QuestData":1,"QuestNameMenu":"Fishman Raider","Pos":{"Y":331.76263427734377,"X":-10582.666015625,"Z":-8758.6103515625}},"Enemies":{"Name":"Fishman Raider [Lv. 1775]","Pos":{"Y":331.76263427734377,"X":-10449.92578125,"Z":-8475.857421875}}},"Head Baker [Lv. 2275]":{"CurrentIndex":25,"MinLevel":2299,"MaxLevel":2324,"Quest":{"QuestName":"CakeQuest2","QuestData":2,"QuestNameMenu":"Head Baker","Pos":{"Y":37.833160400390628,"X":-1928.6739501953126,"Z":-12842.3935546875}},"Enemies":{"Name":"Head Baker [Lv. 2275]","Pos":{"Y":177.25767517089845,"X":-2012.368896484375,"Z":-12839.6357421875}}},"Musketeer Pirate [Lv. 1925]":{"CurrentIndex":13,"MinLevel":1949,"MaxLevel":1974,"Quest":{"QuestName":"DeepForestIsland2","QuestData":2,"QuestNameMenu":"Musketeer Pirate","Pos":{"Y":390.8606872558594,"X":-12683.966796875,"Z":-9901.3017578125}},"Enemies":{"Name":"Musketeer Pirate [Lv. 1925]","Pos":{"Y":496.2368469238281,"X":13282.3046875,"Z":-9565.150390625}}},"Cake Guard [Lv. 2225]":{"CurrentIndex":23,"MinLevel":2249,"MaxLevel":2274,"Quest":{"QuestName":"CakeQuest1","QuestData":2,"QuestNameMenu":"Cake Guard","Pos":{"Y":37.82402038574219,"X":-2021.3193359375,"Z":-12027.6845703125}},"Enemies":{"Name":"Cake Guard [Lv. 2225]","Pos":{"Y":195.6949920654297,"X":-1600.24853515625,"Z":-12346.0341796875}}},"Cookie Crafter [Lv. 2200]":{"CurrentIndex":22,"MinLevel":2224,"MaxLevel":2249,"Quest":{"QuestName":"CakeQuest1","QuestData":1,"QuestNameMenu":"Cookie Crafter","Pos":{"Y":37.82402038574219,"X":-2021.3193359375,"Z":-12027.6845703125}},"Enemies":{"Name":"Cookie Crafter [Lv. 2200]","Pos":{"Y":93.94316101074219,"X":-2288.84716796875,"Z":-12046.728515625}}},"Jungle Pirate [Lv. 1900]":{"CurrentIndex":12,"MinLevel":1924,"MaxLevel":1949,"Quest":{"QuestName":"DeepForestIsland2","QuestData":1,"QuestNameMenu":"Jungle Pirate","Pos":{"Y":390.8606872558594,"X":-12683.966796875,"Z":-9901.3017578125}},"Enemies":{"Name":"Jungle Pirate [Lv. 1900]","Pos":{"Y":375.94061279296877,"X":-11983.4140625,"Z":-10459.23828125}}},"Pistol Billionaire [Lv. 1525]":{"CurrentIndex":2,"MinLevel":1549,"MaxLevel":1574,"Quest":{"QuestName":"PiratePortQuest","QuestData":2,"QuestNameMenu":"Pistol Billionaire","Pos":{"Y":43.793209075927737,"X":-288.6886291503906,"Z":5578.091796875}},"Enemies":{"Name":"Pistol Billionaire [Lv. 1525]","Pos":{"Y":219.64593505859376,"X":-238.02659606933595,"Z":6007.1748046875}}},"Reborn Skeleton [Lv. 1975]":{"CurrentIndex":14,"MinLevel":1999,"MaxLevel":2024,"Quest":{"QuestName":"HauntedQuest1","QuestData":1,"QuestNameMenu":"Reborn Skeleton","Pos":{"Y":142.10484313964845,"X":-9481.9775390625,"Z":5566.03662109375}},"Enemies":{"Name":"Reborn Skeleton [Lv. 1975]","Pos":{"Y":185.18890380859376,"X":-8762.283203125,"Z":6169.08056640625}}},"Fishman Captain [Lv. 1800]":{"CurrentIndex":9,"MinLevel":1824,"MaxLevel":1849,"Quest":{"QuestName":"DeepForestIsland3","QuestData":2,"QuestNameMenu":"Fishman Captain","Pos":{"Y":331.76263427734377,"X":-10582.666015625,"Z":-8758.6103515625}},"Enemies":{"Name":"Fishman Captain [Lv. 1800]","Pos":{"Y":331.76263427734377,"X":-11035.9189453125,"Z":-8966.1201171875}}},"Dragon Crew Warrior [Lv. 1575]":{"CurrentIndex":3,"MinLevel":1599,"MaxLevel":1624,